0.0, 0.0018707856305796272
2.30630630631e-06, 0.0018707857750144554
4.61261261261e-06, 0.0018707859414469118
6.91891891892e-06, 0.001870786133127463
9.22522522523e-06, 0.001870786353771386
1.15315315315e-05, 0.0018707866076228949
1.38378378378e-05, 0.0018707868995277682
1.61441441441e-05, 0.0018707872350155607
1.84504504505e-05, 0.0018707876203926024
2.07567567568e-05, 0.001870788062847143
2.30630630631e-05, 0.0018707885705681522
2.53693693694e-05, 0.0018707891528794722
2.76756756757e-05, 0.0018707898203912158
2.9981981982e-05, 0.0018707905851705188
3.22882882883e-05, 0.0018707914609340124
3.45945945946e-05, 0.0018707924632646443
3.69009009009e-05, 0.0018707936098557771
3.92072072072e-05, 0.0018707949207858385
4.15135135135e-05, 0.00187079641882715
4.38198198198e-05, 0.0018707981297929838
4.61261261261e-05, 0.0018708000829273396
4.84324324324e-05, 0.0018708023113424323
5.07387387387e-05, 0.001870804852509433
5.3045045045e-05, 0.0018708077488086077
5.53513513514e-05, 0.0018708110481456654
5.76576576577e-05, 0.0018708148046418583
5.9963963964e-05, 0.0018708190794061888
6.22702702703e-05, 0.001870823941398952
6.45765765766e-05, 0.0018708294683968281
6.68828828829e-05, 0.0018708357480707932
6.91891891892e-05, 0.001870842879189294
7.14954954955e-05, 0.001870850972960407
7.38018018018e-05, 0.0018708601545281039
7.61081081081e-05, 0.0018708705646392786
7.84144144144e-05, 0.0018708823614998608
8.07207207207e-05, 0.001870895722840167
8.3027027027e-05, 0.001870910848211634
8.53333333333e-05, 0.0018709279615392468
8.76396396396e-05, 0.0018709473139563364
8.99459459459e-05, 0.0018709691869509936
9.22522522523e-05, 0.0018709938958561354
9.45585585586e-05, 0.0018710217937182973
9.68648648649e-05, 0.0018710532755835151
9.91711711712e-05, 0.0018710887832422223
0.000101477477477, 0.0018711288104789605
0.000103783783784, 0.0018711739088768727
0.00010609009009, 0.0018712246942314745
0.000108396396396, 0.0018712818536330727
0.000110702702703, 0.0018713461532824706
0.000113009009009, 0.0018714184471102751
0.000115315315315, 0.0018714996862762303
0.000117621621622, 0.0018715909296315792
0.000119927927928, 0.001871693355234526
0.000122234234234, 0.0018718082730164558
0.000124540540541, 0.0018719371387047063
0.000126846846847, 0.0018720815691164135
0.000129153153153, 0.0018722433589472766
0.000131459459459, 0.0018724244991890774
0.000133765765766, 0.0018726271973204364
0.000136072072072, 0.0018728538994266678
0.000138378378378, 0.0018731073144167038
0.000140684684685, 0.001873390440517957
0.000142990990991, 0.0018737065942437
0.000145297297297, 0.001874059442042099
0.000147603603604, 0.001874453034851476
0.00014990990991, 0.001874891845802726
0.000152216216216, 0.0018753808113271234
0.000154522522523, 0.0018759253759460155
0.000156828828829, 0.001876531541038197
0.000159135135135, 0.0018772059179010666
0.000161441441441, 0.0018779557854430445
0.000163747747748, 0.0018787891528671864
0.000166054054054, 0.0018797148277294824
0.00016836036036, 0.0018807424897800014
0.000170666666667, 0.0018818827710208378
0.000172972972973, 0.0018831473424417442
0.000175279279279, 0.001884549007922407
0.000177585585586, 0.001886101805819502
0.000179891891892, 0.0018878211187869924
0.000182198198198, 0.0018897237924095293
0.000184504504505, 0.0018918282632613154
0.000186810810811, 0.0018941546970362932
0.000189117117117, 0.001896725137430053
0.000191423423423, 0.0018995636664892927
0.00019372972973, 0.0019026965771809885
0.000196036036036, 0.001906152558970547
0.000198342342342, 0.0019099628972360258
0.000200648648649, 0.0019141616873839086
0.000202954954955, 0.0019187860645708188
0.000205261261261, 0.0019238764499747622
0.000207567567568, 0.001929476814598911
0.000209873873874, 0.001935634961630358
0.00021218018018, 0.001942402828415539
0.000214486486486, 0.0019498368091528848
0.000216792792793, 0.0019579980994415564
0.000219099099099, 0.0019669530638625216
0.000221405405405, 0.0019767736278045625
0.000223711711712, 0.0019875376947826526
0.000226018018018, 0.0019993295905293626
0.000228324324324, 0.0020122405351710028
0.000230630630631, 0.002026369144828946
0.000232936936937, 0.0020418219640123917
0.000235243243243, 0.002058714030191562
0.00023754954955, 0.0020771694719592653
0.000239855855856, 0.00209732214220372
0.000242162162162, 0.0021193162877258375
0.000244468468468, 0.002143307256739412
0.000246774774775, 0.002169462245692267
0.000249081081081, 0.002197961086839916
0.000251387387387, 0.0022289970779899924
0.000253693693694, 0.0022627778558151424
0.000256, 0.002299526314103572
0.000258306306306, 0.0023394815682793923
0.000260612612613, 0.002382899967478682
0.000262918918919, 0.0024300561554111426
0.000265225225225, 0.0024812441811706888
0.000267531531532, 0.002536778661080647
0.000269837837838, 0.00259699599256976
0.000272144144144, 0.0026622556209732555
0.00027445045045, 0.002732941360038151
0.000276756756757, 0.002809462766783168
0.000279063063063, 0.0028922565712203255
0.000281369369369, 0.0029817881612870627
0.000283675675676, 0.0030785531231638705
0.000285981981982, 0.0031830788369622953
0.000288288288288, 0.003295926127561576
0.000290594594595, 0.003417690970148106
0.000292900900901, 0.003549006249770524
0.000295207207207, 0.0036905435739636953
0.000297513513514, 0.0038430151372170094
0.00029981981982, 0.0040071756357661446
0.000302126126126, 0.004183824230872397
0.000304432432432, 0.004373806558419755
0.000306738738739, 0.0045780167823074374
0.000309045045045, 0.00479739968874414
0.000311351351351, 0.005032952818160645
0.000313657657658, 0.005285728631049555
0.000315963963964, 0.005556836703615299
0.00031827027027, 0.005847445948675134
0.000320576576577, 0.006158786856792782
0.000322882882883, 0.006492153752151937
0.000325189189189, 0.006848907057188155
0.000327495495495, 0.007230475559495246
0.000329801801802, 0.0076383586740083505
0.000332108108108, 0.00807412869294141
0.000334414414414, 0.008539433015423164
0.000336720720721, 0.00903599634823621
0.000339027027027, 0.009565622868517936
0.000341333333333, 0.010130198338735139
0.00034363963964, 0.010731692163695893
0.000345945945946, 0.011372159378816697
0.000348252252252, 0.012053742558322688
0.000350558558559, 0.012778673631526117
0.000352864864865, 0.013549275594806854
0.000355171171171, 0.014367964106412579
0.000357477477477, 0.015237248950705974
0.000359783783784, 0.016159735358020382
0.00036209009009, 0.01713812516584133
0.000364396396396, 0.018175217806619244
0.000366702702703, 0.019273911107137845
0.000369009009009, 0.020437201884019377
0.000371315315315, 0.021668186319646194
0.000373621621622, 0.022970060102521873
0.000375927927928, 0.024346118315887823
0.000378234234234, 0.02579975505825997
0.000380540540541, 0.027334462779454772
0.000382846846847, 0.028953831315643604
0.000385153153153, 0.030661546607010016
0.000387459459459, 0.03246138908169063
0.000389765765766, 0.034357231689863835
0.000392072072072, 0.03635303757211078
0.000394378378378, 0.038452857346517676
0.000396684684685, 0.04066082599942081
0.000398990990991, 0.042981159365213885
0.000401297297297, 0.045418150181253995
0.000403603603604, 0.04797616370461085
0.00040590990991, 0.05065963287821161
0.000408216216216, 0.053473053034843766
0.000410522522523, 0.05642097612848707
0.000412828828829, 0.05950800448356065
0.000415135135135, 0.06273878405388987
0.000417441441441, 0.06611799718451816
0.000419747747748, 0.06965035487091845
0.000422054054054, 0.07334058851168664
0.00042436036036, 0.07719344115243337
0.000426666666667, 0.08121365822032303
0.000428972972973, 0.08540597775053727
0.000431279279279, 0.08977512010786629
0.000433585585586, 0.09432577720864588
0.000435891891892, 0.09906260125035575
0.000438198198198, 0.10399019295838037
0.000440504504505, 0.10911308936168328
0.000442810810811, 0.11443575111147261
0.000445117117117, 0.11996254935931829
0.000447423423423, 0.12569775221361384
0.00044972972973, 0.13164551079575987
0.000452036036036, 0.1378098449199537
0.000454342342342, 0.14419462842301012
0.000456648648649, 0.15080357417318807
0.000458954954955, 0.15764021878954737
0.000461261261261, 0.16470790710590413
0.000463567567568, 0.1720097764159736
0.000465873873874, 0.17954874053877096
0.00046818018018, 0.18732747374577913
0.000470486486486, 0.19534839459376643
0.000472792792793, 0.20361364970943566
0.000475099099099, 0.21212509757429335
0.000477405405405, 0.22088429236023271
0.000479711711712, 0.22989246786831158
0.000482018018018, 0.239150521625055
0.000484324324324, 0.24865899919232265
0.000486630630631, 0.25841807874831896
0.000488936936937, 0.2684275559987003
0.000491243243243, 0.27868682947790724
0.00049354954955, 0.28919488630182894
0.000495855855856, 0.2999502884336751
0.000498162162162, 0.31095115952545993
0.000500468468468, 0.3221951723978104
0.000502774774775, 0.3336795372208544
0.000505081081081, 0.34540099045874245
0.000507387387387, 0.3573557846398834
0.000509693693694, 0.3695396790142218
0.000512, 0.3819479311578657
0.000514306306306, 0.3945752895840512
0.000516612612613, 0.4074159874178335
0.000518918918919, 0.4204637371899978
0.000521225225225, 0.43371172680349157
0.000523531531532, 0.44715261672320494
0.000525837837838, 0.46077853843714944
0.000528144144144, 0.4745810942340255
0.00053045045045, 0.48855135833883234
0.000532756756757, 0.502679879444549
0.000535063063063, 0.5169566846740346
0.000537369369369, 0.5313712850021541
0.000539675675676, 0.5459126821637384
0.000541981981982, 0.5605693770683788
0.000544288288288, 0.575329379738202
0.000546594594595, 0.5901802207797388
0.000548900900901, 0.6051089643957701
0.000551207207207, 0.6201022229376417
0.000553513513514, 0.6351461729930028
0.00055581981982, 0.6502265729982706
0.000558126126126, 0.6653287823593554
0.000560432432432, 0.6804377820583589
0.000562738738739, 0.6955381967180623
0.000565045045045, 0.7106143180901279
0.000567351351351, 0.7256501299270176
0.000569657657658, 0.7406293341917677
0.000571963963964, 0.7555353785539366
0.00057427027027, 0.7703514851143125
0.000576576576577, 0.7850606802953479
0.000578882882883, 0.799645825828817
0.000581189189189, 0.8140896507668849
0.000583495495495, 0.8283747844376712
0.000585801801802, 0.8424837902615167
0.000588108108108, 0.8563992003395259
0.000590414414414, 0.8701035507216194
0.000592720720721, 0.8835794172572804
0.000595027027027, 0.8968094519284648
0.000597333333333, 0.909776419560778
0.00059963963964, 0.9224632348060283
0.000601945945946, 0.9348529992866618
0.000604252252252, 0.94692903879039
0.000606558558559, 0.9586749404015554
0.000608864864865, 0.9700745894544438
0.000611171171171, 0.9811122061928844
0.000613477477477, 0.9917723820200559
0.000615783783784, 1.00204011522247
0.00061809009009, 1.0119008460526389
0.000620396396396, 1.0213404910559294
0.000622702702703, 1.0303454765286035
0.000625009009009, 1.0389027709959946
0.000627315315315, 1.0469999166022146
0.000629621621622, 1.054625059305678
0.000631927927928, 1.0617669777780996
0.000634234234234, 1.068415110908407
0.000636540540541, 1.0745595838172688
0.000638846846847, 1.0801912322925646
0.000641153153153, 1.0853016255611923
0.000643459459459, 1.0898830873180154
0.000645765765766, 1.0939287149385455
0.000648072072072, 1.0974323968080504
0.000650378378378, 1.1003888277061993
0.000652684684685, 1.1027935221930332
0.000654990990991, 1.104642825948988
0.000657297297297, 1.1059339250288382
0.000659603603604, 1.1066648529967578
0.00066190990991, 1.106834495917178
0.000664216216216, 1.1064425951837071
0.000666522522523, 1.105489748176059
0.000668828828829, 1.103977406742653
0.000671135135135, 1.1019078735142818
0.000673441441441, 1.0992842960619456
0.000675747747748, 1.0961106589196057
0.000678054054054, 1.0923917735001527
0.00068036036036, 1.0881332659403138
0.000682666666667, 1.0833415629174825
0.000684972972973, 1.0780238754885172
0.000687279279279, 1.072188181007394
0.000689585585586, 1.0658432031851786
0.000691891891892, 1.0589983903620765
0.000694198198198, 1.0516638920673034
0.000696504504505, 1.0438505339481507
0.000698810810811, 1.0355697911549135
0.000701117117117, 1.02683376027322
0.000703423423423, 1.0176551298998147
0.00070572972973, 1.0080471499618913
0.000708036036036, 0.9980235998837141
0.000710342342342, 0.9875987557074386
0.000712648648649, 0.9767873562777621
0.000714954954955, 0.965604568602282
0.000717261261261, 0.9540659525012118
0.000719567567568, 0.9421874246614056
0.000721873873874, 0.9299852222104517
0.00072418018018, 0.9174758659269416
0.000726486486486, 0.9046761232028847
0.000728792792793, 0.89160297087364
0.000731099099099, 0.8782735580296788
0.000733405405405, 0.8647051689229859
0.000735711711712, 0.8509151860789724
0.000738018018018, 0.8369210537224073
0.000740324324324, 0.8227402416231232
0.000742630630631, 0.8083902094641026
0.000744936936937, 0.7938883718310438
0.000747243243243, 0.7792520639186581
0.00074954954955, 0.7644985080447838
0.000751855855856, 0.7496447810589365
0.000754162162162, 0.7347077827271916
0.000756468468468, 0.7197042051703161
0.000758774774775, 0.7046505034268857
0.000761081081081, 0.6895628672077426
0.000763387387387, 0.6744571939026187
0.000765693693694, 0.6593490628940794
0.000768, 0.6442537112281781
0.000770306306306, 0.629186010685365
0.000772612612613, 0.6141604462893028
0.000774918918919, 0.5991910962853374
0.000777225225225, 0.5842916136144612
0.000779531531532, 0.569475208902753
0.000781837837838, 0.5547546349804573
0.000784144144144, 0.5401421729391587
0.00078645045045, 0.5256496197298834
0.000788756756757, 0.5112882772994836
0.000791063063063, 0.49706894325733436
0.000793369369369, 0.4830019030592096
0.000795675675676, 0.4690969236902472
0.000797981981982, 0.4553632488241532
0.000800288288288, 0.44180959543126236
0.000802594594595, 0.42844415180378426
0.000804900900901, 0.41527457696251696
0.000807207207207, 0.4023080014055302
0.000809513513514, 0.3895510291558159
0.00081181981982, 0.37700974106166335
0.000814126126126, 0.36468969930058004
0.000816432432432, 0.3525959530349167
0.000818738738739, 0.3407330451649877
0.000821045045045, 0.3291050201234145
0.000823351351351, 0.3177154326526299
0.000825657657658, 0.3065673575060019
0.000827963963964, 0.2956634000118314
0.00083027027027, 0.2850057074385615
0.000832576576577, 0.2745959810989031
0.000834882882883, 0.26443548913020826
0.000837189189189, 0.25452507988832335
0.000839495495495, 0.24486519589230413
0.000841801801802, 0.2354558882577663
0.000844108108108, 0.2262968315572785
0.000846414414414, 0.21738733904704946
0.000848720720721, 0.20872637820022336
0.000851027027027, 0.20031258648835407
0.000853333333333, 0.19214428735406577
0.00085563963964, 0.18421950631952103
0.000857945945946, 0.17653598717707977
0.000860252252252, 0.16909120821044032
0.000862558558559, 0.1618823983965888
0.000864864864865, 0.15490655354103064
0.000867171171171, 0.1481604523010202
0.000869477477477, 0.14164067205384034
0.000871783783784, 0.13534360456958042
0.00087409009009, 0.12926547145031675
0.000876396396396, 0.12340233930010552
0.000878702702703, 0.11775013459272136
0.000881009009009, 0.11230465820662724
0.000883315315315, 0.10706159959921092
0.000885621621622, 0.10201655059487179
0.000887927927928, 0.09716501876406686
0.000890234234234, 0.09250244037293043
0.000892540540541, 0.08802419288554005
0.000894846846847, 0.08372560700331974
0.000897153153153, 0.0796019782284315
0.000899459459459, 0.07564857794030133
0.000901765765766, 0.07186066397665622
0.000904072072072, 0.06823349071259335
0.000906378378378, 0.06476231863327377
0.000908684684685, 0.06144242339781055
0.000910990990991, 0.0582691043938077
0.000913297297297, 0.05523769278380073
0.000915603603604, 0.05234355904654025
0.00091790990991, 0.04958212001765301
0.000920216216216, 0.04694884543570526
0.000922522522523, 0.0444392640010766
0.000924828828829, 0.04204896895633655
0.000927135135135, 0.039773623197990084
0.000929441441441, 0.03760896393053329
0.000931747747748, 0.035550806874729196
0.000934054054054, 0.03359505004288241
0.00093636036036, 0.03173767709466074
0.000938666666667, 0.029974760287682617
0.000940972972973, 0.028302463037666474
0.000943279279279, 0.026717042103422992
0.000945585585586, 0.025214849412367506
0.000947891891892, 0.023792333542540556
0.000950198198198, 0.022446040877354995
0.000952504504504, 0.0211726164494391
0.000954810810811, 0.019968804490023785
0.000957117117117, 0.018831448700331096
0.000959423423423, 0.017757492261363444
0.00096172972973, 0.016743977598376862
0.000964036036036, 0.015788045916145906
0.000966342342342, 0.014886936520901515
0.000968648648649, 0.014037985944548602
0.000970954954955, 0.013238626886450253
0.000973261261261, 0.012486386987708455
0.000975567567568, 0.011778887452476412
0.000977873873874, 0.011113841530412462
0.00098018018018, 0.01048905287393312
0.000982486486486, 0.009902413783445958
0.000984792792793, 0.009351903353246732
0.000987099099099, 0.008835585530252191
0.000989405405405, 0.008351607097214109
0.000991711711712, 0.007898195591523823
0.000994018018018, 0.00747365717017424
0.000996324324324, 0.007076374430899014
0.000998630630631, 0.006704804198961059
0.00100093693694, 0.006357475288515394
0.00100324324324, 0.006032986246928083
0.00100554954955, 0.005730003089895618
0.00100785585586, 0.005447257034678881
0.00101016216216, 0.005183542238245504
0.00101246846847, 0.004937713546605016
0.00101477477477, 0.004708684261124009
0.00101708108108, 0.0044954239271256715
0.00101938738739, 0.004296956149609471
0.00102169369369, 0.0041123564404746404
0.001024, 0.003940750101195081
0.00102630630631, 0.0037813101444750872
0.00102861261261, 0.0036332552580147248
0.00103091891892, 0.003495847813131312
0.00103322522523, 0.0033683919206200195
0.00103553153153, 0.003250231535891417
0.00103783783784, 0.0031407486150979488
0.00104014414414, 0.003039361323653837
0.00104245045045, 0.0029455222982644174
0.00104475675676, 0.002858716963310776
0.00104706306306, 0.0027784619021836254
0.00104936936937, 0.002704303283926443
0.00105167567568, 0.002635815345331288
0.00105398198198, 0.002572598928431333
0.00105628828829, 0.002514280073151207
0.00105859459459, 0.0024605086647093385
0.0010609009009, 0.0024109571352150866
0.00106320720721, 0.002365319218766845
0.00106551351351, 0.0023233087592349844
0.00106781981982, 0.002284658569804772
0.00107012612613, 0.002249119343258671
0.00107243243243, 0.0022164586118939814
0.00107473873874, 0.0021864597559000227
0.00107704504505, 0.002158921058958315
0.00107935135135, 0.00213365480977882
0.00108165765766, 0.002110486448244651
0.00108396396396, 0.002089253754806085
0.00108627027027, 0.002069806081741643
0.00108857657658, 0.0020520036248887663
0.00109088288288, 0.0020357167344387354
0.00109318918919, 0.00202082526338926
0.0010954954955, 0.002007217952253217
0.0010978018018, 0.0019947918486326365
0.00110010810811, 0.001983451760282925
0.00110241441441, 0.0019731097403128243
0.00110472072072, 0.0019636846031903985
0.00110702702703, 0.001955101470253968
0.00110933333333, 0.001947291343458913
0.00111163963964, 0.0019401907061263842
0.00111394594595, 0.001933741149497729
0.00111625225225, 0.0019278890239386125
0.00111855855856, 0.0019225851136790567
0.00112086486486, 0.0019177843340196738
0.00112317117117, 0.0019134454499799645
0.00112547747748, 0.0019095308154114907
0.00112778378378, 0.001906006131646764
0.00113009009009, 0.0019028402248036722
0.0011323963964, 0.0019000048409150132
0.0011347027027, 0.00189747445810306
0.00113700900901, 0.0018952261150699497
0.00113931531532, 0.0018932392552259304
0.00114162162162, 0.0018914955858290294
0.00114392792793, 0.0018899789515614703
0.00114623423423, 0.0018886752220200517
0.00114854054054, 0.0018875721926497142
0.00115084684685, 0.0018866594987015767
0.00115315315315, 0.001885928541848825
0.00115545945946, 0.0018853724291459414
0.00115776576577, 0.0018849859240688955
0.00116007207207, 0.0018847654094260216
0.00116237837838, 0.0018847088619814592
0.00116468468468, 0.001884815838685165
0.00116699099099, 0.0018850874744556927
0.0011692972973, 0.0018855264915141568
0.0011716036036, 0.0018861372203200762
0.00117390990991, 0.0018869256322121626
0.00117621621622, 0.0018878993839095666
0.00117852252252, 0.001889067874081658
0.00118082882883, 0.0018904423122470988
0.00118313513514, 0.0018920358003157564
0.00118544144144, 0.0018938634271399425
0.00118774774775, 0.0018959423764944754
0.00119005405405, 0.0018982920489582153
0.00119236036036, 0.0019009341982229083
0.00119466666667, 0.001903893082408422
0.00119697297297, 0.0019071956310166742
0.00119927927928, 0.0019108716282097082
0.00120158558559, 0.0019149539131503603
0.00120389189189, 0.001919478598196732
0.0012061981982, 0.001924485305794072
0.0012085045045, 0.0019300174249596075
0.00121081081081, 0.001936122388307181
0.00121311711712, 0.0019428519706090532
0.00121542342342, 0.0019502626099417982
0.00121772972973, 0.0019584157525115876
0.00122003603604, 0.001967378222301113
0.00122234234234, 0.0019772226167256955
0.00122464864865, 0.0019880277295294987
0.00122695495495, 0.0019998790021938414
0.00122926126126, 0.002012869005168161
0.00123156756757, 0.0020270979502697442
0.00123387387387, 0.0020426742356306504
0.00123618018018, 0.0020597150245987746
0.00123848648649, 0.0020783468600243968
0.00124079279279, 0.0020987063153833207
0.0012430990991, 0.002120940684202356
0.00124540540541, 0.0021452087092618905
0.00124771171171, 0.002171681353053153
0.00125001801802, 0.0022005426109638544
0.00125232432432, 0.002231990368654669
0.00125463063063, 0.0022662373050698465
0.00125693693694, 0.002303511842497506
0.00125924324324, 0.0023440591450582136
0.00126154954955, 0.002388142166953602
0.00126385585586, 0.002436042751749411
0.00126616216216, 0.0024880627838986535
0.00126846846847, 0.0025445253936300857
0.00127077477477, 0.0026057762162338817
0.00127308108108, 0.0026721847066698973
0.00127538738739, 0.0027441455103033264
0.00127769369369, 0.0028220798904372334
0.00128, 0.0029064372131608236
0.00128230630631, 0.0029976964898655875
0.00128461261261, 0.0030963679775981314
0.00128691891892, 0.003202994837217958
0.00128922522523, 0.0033181548491100716
0.00129153153153, 0.003442462185965665
0.00129383783784, 0.0035765692418887416
0.00129614414414, 0.0037211685168120285
0.00129845045045, 0.003876994554911482
0.00130075675676, 0.004044825935395077
0.00130306306306, 0.004225487313707891
0.00130536936937, 0.004419851510842029
0.00130767567568, 0.004628841648066366
0.00130998198198, 0.004853433323997892
0.00131228828829, 0.0050946568305235106
0.00131459459459, 0.0053535994036491815
0.0013169009009, 0.005631407504902481
0.00131920720721, 0.00592928912844603
0.00132151351351, 0.00624851612857313
0.00132381981982, 0.006590426561754712
0.00132612612613, 0.006956427036889142
0.00132843243243, 0.0073479950668752176
0.00133073873874, 0.0077666814140846365
0.00133304504505, 0.00821411242175577
0.00133535135135, 0.008691992322766885
0.00133765765766, 0.009202105516676275
0.00133996396396, 0.009746318805341617
0.00134227027027, 0.010326583576852894
0.00134457657658, 0.010944937926935882
0.00134688288288, 0.011603508706408562
0.00134918918919, 0.01230451348270436
0.0013514954955, 0.013050262402916719
0.0013538018018, 0.01384315994527262
0.00135610810811, 0.01468570654541166
0.00135841441441, 0.015580500083336486
0.00136072072072, 0.016530237216412474
0.00136302702703, 0.017537714543334807
0.00136533333333, 0.018605829583552808
0.00136763963964, 0.0197375815562493
0.00136994594595, 0.020936071942620812
0.00137225225225, 0.022204504814897674
0.00137455855856, 0.02354618691528552
0.00137686486486, 0.02496452746780606
0.00137917117117, 0.026463037705870215
0.00138147747748, 0.028045330098334837
0.00138378378378, 0.02971511725678037
0.00138609009009, 0.03147621050680507
0.0013883963964, 0.033332518106266446
0.0013907027027, 0.035288043093616835
0.00139300900901, 0.037346880749781014
0.00139531531532, 0.039513215657414454
0.00139762162162, 0.04179131834186413
0.00139992792793, 0.04418554147873359
0.00140223423423, 0.046700315653633195
0.00140454054054, 0.04934014466047884
0.00140684684685, 0.05210960032558869
0.00140915315315, 0.05501331684582232
0.00141145945946, 0.05805598463010835
0.00141376576577, 0.061242343634920565
0.00141607207207, 0.0645771761855849
0.00141837837838, 0.06806529927673424
0.00142068468468, 0.07171155634677269
0.00142299099099, 0.07552080852286372
0.0014252972973, 0.07949792533471875
0.0014276036036, 0.08364777489732926
0.00142990990991, 0.08797521356475292
0.00143221621622, 0.09248507505913284
0.00143452252252, 0.09718215908128919
0.00143682882883, 0.10207121941147251
0.00143913513514, 0.10715695151119993
0.00144144144144, 0.11244397963950596
0.00144374774775, 0.11793684349941448
0.00144605405405, 0.12363998443297798
0.00144836036036, 0.1295577311858195
0.00145066666667, 0.13569428526474187
0.00145297297297, 0.14205370591463468
0.00145527927928, 0.14863989474358794
0.00145758558559, 0.1554565800278196
0.00145989189189, 0.16250730073070382
0.0014621981982, 0.16979539027286644
0.0014645045045, 0.1773239600929506
0.00146681081081, 0.1850958830412566
0.00146911711712, 0.19311377665099685
0.00147142342342, 0.20137998633437715
0.00147372972973, 0.20989656855309266
0.00147603603604, 0.21866527401510422
0.00147834234234, 0.2276875309517198
0.00148064864865, 0.23696442853103003
0.00148295495495, 0.2464967004656237
0.00148526126126, 0.25628470887422145
0.00148756756757, 0.26632842845840027
0.00148987387387, 0.2766274310569206
0.00149218018018, 0.2871808706413008
0.00149448648649, 0.2979874688171964
0.00149679279279, 0.30904550089681715
0.0014990990991, 0.32035278260804384
0.00150140540541, 0.33190665750608345
0.00150371171171, 0.3437039851533964
0.00150601801802, 0.35574113013326075
0.00150832432432, 0.3680139519616726
0.00151063063063, 0.3805177959613201
0.00151293693694, 0.39324748516011837
0.00151524324324, 0.4061973132752193
0.00151754954955, 0.41936103884154535
0.00151985585586, 0.43273188054170786
0.00152216216216, 0.44630251379167846
0.00152446846847, 0.46006506863377816
0.00152677477477, 0.4740111289854379
0.00152908108108, 0.4881317332887729
0.00153138738739, 0.5024173766023057
0.00153369369369, 0.5168580141721776
0.001536, 0.5314430665159171
0.00153830630631, 0.5461614260472977
0.00154061261261, 0.5610014652660217
0.00154291891892, 0.575951046530953
0.00154522522523, 0.5909975334303583
0.00154753153153, 0.6061278037571817
0.00154983783784, 0.6213282640917388
0.00155214414414, 0.636584865988428
0.00155445045045, 0.6518831237571285
0.00155675675676, 0.6672081338239114
0.00155906306306, 0.6825445956495606
0.00156136936937, 0.6978768341782083
0.00156367567568, 0.7131888237821666
0.00156598198198, 0.7284642136628005
0.00156828828829, 0.7436863546610843
0.00157059459459, 0.7588383274253278
0.0015729009009, 0.7739029718774801
0.00157520720721, 0.7888629179134692
0.00157751351351, 0.8037006172672071
0.00157981981982, 0.8183983764622597
0.00158212612613, 0.8329383907697274
0.00158443243243, 0.8473027790856861
0.00158673873874, 0.8614736196365811
0.00158904504505, 0.8754329864163195
0.00159135135135, 0.8891629862544529
0.00159365765766, 0.9026457964108545
0.00159596396396, 0.9158637025886526
0.00159827027027, 0.9287991372539395
0.00160057657658, 0.9414347181479473
0.00160288288288, 0.9537532868749686
0.00160518918919, 0.9657379474473505
0.0016074954955, 0.9773721046673979
0.0016098018018, 0.9886395022250014
0.00161210810811, 0.9995242603892823
0.00161441441441, 1.0100109131725088
0.00161672072072, 1.0200844448450161
0.00161902702703, 1.0297303256808332
0.00162133333333, 1.0389345468152076
0.00162363963964, 1.0476836540972123
0.00162594594595, 1.0559647808231065
0.00162825225225, 1.063765679239117
0.00163055855856, 1.0710747507057772
0.00163286486486, 1.0778810744199132
0.00163517117117, 1.0841744345947741
0.00163747747748, 1.0899453460036517
0.00163978378378, 1.0951850777976209
0.00164209009009, 1.0998856755136937
0.0016443963964, 1.1040399811957518
0.0016467027027, 1.1076416515570147
0.00164900900901, 1.1106851741195434
0.00165131531532, 1.1131658812733005
0.00165362162162, 1.115079962204575
0.00165592792793, 1.1164244726511061
0.00165823423423, 1.1171973424489456
0.00166054054054, 1.1173973808439894
0.00166284684685, 1.1170242795490948
0.00166515315315, 1.116078613535801
0.00166745945946, 1.114561839557805
0.00166976576577, 1.1124762924115037
0.00167207207207, 1.1098251789470326
0.00167437837838, 1.1066125698513116
0.00167668468468, 1.1028433892325622
0.00167899099099, 1.0985234020436054
0.0016812972973, 1.0936591993888982
0.0016836036036, 1.0882581817677266
0.00168590990991, 1.0823285403131877
0.00168821621622, 1.075879236093524
0.00169052252252, 1.0689199775490241
0.00169282882883, 1.0614611961439921
0.00169513513514, 1.0535140203192483
0.00169744144144, 1.0450902478361648
0.00169974774775, 1.0362023166084045
0.00170205405405, 1.0268632741222423
0.00170436036036, 1.0170867455506247
0.00170666666667, 1.0068869006699233
0.00170897297297, 0.9962784196916805
0.00171127927928, 0.985276458124473
0.00171358558559, 0.9738966107833634
0.00171589189189, 0.9621548750662583
0.0017181981982, 0.9500676136178074
0.0017205045045, 0.9376515165023183
0.00172281081081, 0.9249235630074646
0.00172511711712, 0.9119009832003971
0.00172742342342, 0.8986012193571795
0.00172972972973, 0.8850418873853154
0.00173203603604, 0.8712407383574953
0.00173434234234, 0.857215620272605
0.00173664864865, 0.8429844401574921
0.00173895495495, 0.8285651266200377
0.00174126126126, 0.8139755929607079
0.00174356756757, 0.7992337009460175
0.00174587387387, 0.7843572253432323
0.00174818018018, 0.7693638193111932
0.00175048648649, 0.7542709807374033
0.00175279279279, 0.7390960196064822
0.0017550990991, 0.7238560264798222
0.00175740540541, 0.708567842160763
0.00175971171171, 0.6932480286139135
0.00176201801802, 0.6779128412013811
0.00176432432432, 0.6625782022926708
0.00176663063063, 0.6472596762989217
0.00176893693694, 0.6319724461759667
0.00177124324324, 0.6167312914344873
0.00177354954955, 0.6015505676893036
0.00177585585586, 0.586444187773616
0.00177816216216, 0.5714256044378476
0.00178046846847, 0.5565077946466217
0.00178277477477, 0.5417032454814031
0.00178508108108, 0.5270239416504419
0.00178738738739, 0.5124813546019128
0.00178969369369, 0.4980864332305645
0.001792, 0.4838495961628052
0.00179430630631, 0.46978072559996664
0.00179661261261, 0.45588916269453417
0.00179891891892, 0.44218370442941357
0.00180122522523, 0.42867260196584794
0.00180353153153, 0.41536356042140815
0.00180583783784, 0.40226374003557297
0.00180814414414, 0.3893797586767927
0.00181045045045, 0.37671769564161367
0.00181275675676, 0.364283096693417
0.00181506306306, 0.35208098028562074
0.00181736936937, 0.3401158449117878
0.00181967567568, 0.3283916775229984
0.00182198198198, 0.31691196295106155
0.00182428828829, 0.30567969427467306
0.00182659459459, 0.2946973840644565
0.0018289009009, 0.28396707644195907
0.00183120720721, 0.2734903598870955
0.00183351351351, 0.26326838072824443
0.00183581981982, 0.25330185724918597
0.00183812612613, 0.24359109434732013
0.00184043243243, 0.23413599867811152
0.00184273873874, 0.2249360942214557
0.00184504504505, 0.21599053820663994
0.00184735135135, 0.20729813733377198
0.00184965765766, 0.19885736423094547
0.00185196396396, 0.19066637408800474
0.00185427027027, 0.18272302140953237
0.00185657657658, 0.1750248768316069
0.00185888288288, 0.1675692439489447
0.00186118918919, 0.16035317610123667
0.0018634954955, 0.15337349306979822
0.0018658018018, 0.14662679763806005
0.00186810810811, 0.14010949197191688
0.00187041441441, 0.1338177937785104
0.00187272072072, 0.12774775220463558
0.00187502702703, 0.1218952634386122
0.00187733333333, 0.11625608598213963
0.00187963963964, 0.11082585556134542
0.00188194594595, 0.10560009964892825
0.00188425225225, 0.10057425157197208
0.00188655855856, 0.09574366418266558
0.00188886486486, 0.09110362307177707
0.00189117117117, 0.08664935930731313
0.00189347747748, 0.0823760616833068
0.00189578378378, 0.07827888846614071
0.00189809009009, 0.07435297862819538
0.0019003963964, 0.07059346256092255
0.0019027027027, 0.06699547226166577
0.00190500900901, 0.0635541509906845
0.00190731531532, 0.06026466239687547
0.00190962162162, 0.05712219911262276
0.00191192792793, 0.0541219908200441
0.00191423423423, 0.051259311792628465
0.00191654054054, 0.04852948791788228
0.00191884684685, 0.04592790320811175
0.00192115315315, 0.04345000580786984
0.00192345945946, 0.041091313507886584
0.00192576576577, 0.03884741877648033
0.00192807207207, 0.036713993320517925
0.00193037837838, 0.034686792188952396
0.00193268468468, 0.03276165743282294
0.00193499099099, 0.030934521336351266
0.0019372972973, 0.029201409234418576
0.0019396036036, 0.02755844193225691
0.00194190990991, 0.026001837743643938
0.00194421621622, 0.02452791416425344
0.00194652252252, 0.02313308919708856
0.00194882882883, 0.02181388234711627
0.00195113513514, 0.020566915302332886
0.00195344144144, 0.019388912318526498
0.00195574774775, 0.01827670032496714
0.00195805405405, 0.01722720876815443
0.00196036036036, 0.016237469210589106
0.00196266666667, 0.015304614701314594
0.00196497297297, 0.014425878934701892
0.00196727927928, 0.013598595213630021
0.00196958558559, 0.012820195232849847
0.00197189189189, 0.012088207697915559
0.0019741981982, 0.011400256794629826
0.0019765045045, 0.010754060523479901
0.00197881081081, 0.010147428913046857
0.00198111711712, 0.009578262125852608
0.00198342342342, 0.009044548469573237
0.00198572972973, 0.008544362325996152
0.00198803603604, 0.008075862009535958
0.00199034234234, 0.007637287566553369
0.00199264864865, 0.007226958526145561
0.00199495495495, 0.006843271612498618
0.00199726126126, 0.006484698428315208
0.00199956756757, 0.006149783118256538
0.00200187387387, 0.005837140020768805
0.00200418018018, 0.005545451316103168
0.00200648648649, 0.0052734646777866535
0.00200879279279, 0.005019990934261059
0.0020110990991, 0.004783901746879498
0.00201340540541, 0.004564127309937116
0.00201571171171, 0.004359654077914829
0.00201801801802, 0.004169522524633987
0.00202032432432, 0.003992824938556255
0.00202263063063, 0.003828703258017736
0.00202493693694, 0.0036763469497598515
0.00202724324324, 0.0035349909337122967
0.00202954954955, 0.0034039135565958403
0.00203185585586, 0.0032824346165449747
0.00203416216216, 0.003169913440602632
0.00203646846847, 0.003065747016611248
0.00203877477477, 0.002969368180716395
0.00204108108108, 0.0028802438614106895
0.00204338738739, 0.0027978733807765633
0.00204569369369, 0.002721786813336255
0.002048, 0.002651543402685824
0.00205030630631, 0.0025867300358764123
0.00205261261261, 0.002526959775310057
0.00205491891892, 0.002471870447738351
0.00205722522523, 0.0024211232897896826
0.00205953153153, 0.002374401649303972
0.00206183783784, 0.0023314097416220377
0.00206414414414, 0.002291871459859442
0.00206645045045, 0.002255529238091038
0.00206875675676, 0.002222142966281814
0.00207106306306, 0.002191488955721404
0.00207336936937, 0.0021633589536528743
0.00207567567568, 0.0021375592057306537
0.00207798198198, 0.002113909564896852
0.00208028828829, 0.00209224264522916
0.00208259459459, 0.002072403019286261
0.0020849009009, 0.002054246457457664
0.00208720720721, 0.0020376392078133346
0.00208951351351, 0.002022457314943947
0.00209181981982, 0.002008585976284315
0.00209412612613, 0.0019959189344200667
0.00209643243243, 0.001984357903890324
0.00209873873874, 0.0019738120310165276
0.00210104504505, 0.0019641973853090815
0.00210335135135, 0.001955436481028736
0.00210565765766, 0.0019474578275080878
0.00210796396396, 0.0019401955068698818
0.00211027027027, 0.0019335887778124967
0.00211257657658, 0.0019275817041687453
0.00211488288288, 0.0019221228069815604
0.00211718918919, 0.0019171647388789498
0.0021194954955, 0.0019126639795704675
0.0021218018018, 0.0019085805513281275
0.00212410810811, 0.0019048777533558748
0.00212641441441, 0.0019015219139932398
0.00212872072072, 0.001898482159740395
0.00213102702703, 0.0018957302001333248
0.00213333333333, 0.001893240127539048
0.00213563963964, 0.001890988230981618
0.00213794594595, 0.0018889528231498705
0.00214025225225, 0.001887114079777418
0.00214255855856, 0.0018854538906241665
0.00214486486486, 0.001883955721326489
0.00214717117117, 0.0018826044854201214
0.00214947747748, 0.001881386425875728
0.00215178378378, 0.001880289005521917
0.00215409009009, 0.0018793008057641657
0.0021563963964, 0.0018784114330406747
0.0021587027027, 0.001877611432487529
0.00216100900901, 0.001876892208315724
0.00216331531532, 0.0018762459504315819
0.00216562162162, 0.001875665566859864
0.00216792792793, 0.0018751446215554502
0.00217023423423, 0.0018746772772148387
0.00217254054054, 0.0018742582427229426
0.00217484684685, 0.0018738827248936918
0.00217715315315, 0.0018735463841848918
0.00217945945946, 0.0018732452940885902
0.00218176576577, 0.0018729759039179366
0.00218407207207, 0.0018727350047302107
0.00218637837838, 0.0018725196981433524
0.00218868468468, 0.0018723273678200143
0.00219099099099, 0.0018721556534088877
0.0021932972973, 0.0018720024267478734
0.0021956036036, 0.0018718657701476068
0.00219790990991, 0.0018717439565869517
0.00220021621622, 0.0018716354316643661
0.00220252252252, 0.0018715387971605718
0.00220482882883, 0.0018714527960787509
0.00220713513514, 0.0018713762990385894
0.00220944144144, 0.0018713082919099141
0.00221174774775, 0.0018712478645804775
0.00221405405405, 0.0018711942007606512
0.00221636036036, 0.0018711465687354292
0.00221866666667, 0.001871104312981259
0.00222097297297, 0.001871066846571823
0.00222327927928, 0.0018710336443030393
0.00222558558559, 0.0018710042364732326
0.00222789189189, 0.001870978203259714
0.0022301981982, 0.0018709551696378874
0.0022325045045, 0.001870934800793516
0.00223481081081, 0.0018709167979829675
0.00223711711712, 0.0018709008948000988
0.00223942342342, 0.0018708868538120068
0.00224172972973, 0.0018708744635291437
0.00224403603604, 0.0018708635356783111
0.00224634234234, 0.0018708539027498243
0.00224864864865, 0.0018708454157926886
0.00225095495495, 0.0018708379424339696
0.00225326126126, 0.0018708313651006898
0.00225556756757, 0.001870825579424551
0.00225787387387, 0.0018708204928115906
0.00226018018018, 0.0018708160231605243
0.00226248648649, 0.0018708120977150439
0.00226479279279, 0.001870808652036712
0.0022670990991, 0.0018708056290863582
0.00226940540541, 0.0018708029784030274
0.00227171171171, 0.0018708006553705796
0.00227401801802, 0.0018707986205629885
0.00227632432432, 0.0018707968391602613
0.00227863063063, 0.0018707952804276802
0.00228093693694, 0.0018707939172517912
0.00228324324324, 0.001870792725727211
0.00228554954955, 0.001870791684788912
0.00228785585586, 0.0018707907758851823
0.00229016216216, 0.001870789982686941
0.00229246846847, 0.0018707892908295218
0.00229477477477, 0.0018707886876834449
0.00229708108108, 0.0018707881621510406
0.00229938738739, 0.0018707877044861249
0.00230169369369, 0.0018707873061342068
0.002304, 0.0018707869595909797
